Scenario,Repeat,Model,PairAcc,Spearman,Kendall,RMSE,MAE,CalGap,NoiseFamily,Severity
Matched additive (s=0.0),0,CAIROK1,0.9007777945642944,0.9294804131630151,0.7851702485459116,0.37804144620895386,0.2989346981048584,0.029279470443725586,Additive,0.0
Matched additive (s=0.0),0,CAIROG1,0.9016948625128359,0.9305827008154506,0.7860932326701466,0.378267765045166,0.29837316274642944,0.030682777985930443,Additive,0.0
Matched additive (s=0.0),0,CAIROS1,0.8989474996623271,0.9303309937583132,0.7852425666292095,0.3786117136478424,0.3000669777393341,0.027030492201447487,Additive,0.0
Matched additive (s=0.0),0,CAIROG2,0.8975076126123798,0.929750854679667,0.7833007434233429,0.3786637485027313,0.2992430329322815,0.01790998876094818,Additive,0.0
Matched additive (s=0.0),0,NN-MSE,0.8849542027883524,0.9290958093917108,0.7698153295040454,0.3791673183441162,0.30015942454338074,0.020137906074523926,Additive,0.0
Matched additive (s=0.0),0,NN-MAE,0.8833484239856331,0.9272038334991256,0.7671175344327096,0.38239192962646484,0.30263498425483704,0.02409692108631134,Additive,0.0
Matched additive (s=0.0),0,NN-Huber,0.8859096661881012,0.9307472399425638,0.772837996417763,0.3725774884223938,0.29526272416114807,0.022336268797516823,Additive,0.0
Matched additive (s=0.0),1,CAIROK1,0.9036438000589461,0.9368746854763617,0.7955484090066124,0.36046406626701355,0.2854706346988678,0.030694952234625816,Additive,0.0
Matched additive (s=0.0),1,CAIROG1,0.8999845900965687,0.9366130212029388,0.7930450707508212,0.36359700560569763,0.285155326128006,0.03170109540224075,Additive,0.0
Matched additive (s=0.0),1,CAIROS1,0.9018685341724769,0.9361424766552429,0.7925197552255578,0.3634836971759796,0.2873844504356384,0.024728521704673767,Additive,0.0
Matched additive (s=0.0),1,CAIROG2,0.9045665747059678,0.9349997026833414,0.7935791784838158,0.3657590448856354,0.29033321142196655,0.03403754159808159,Additive,0.0
Matched additive (s=0.0),1,NN-MSE,0.889683846080722,0.9344320764708056,0.7796356000247051,0.36451491713523865,0.28772464394569397,0.03380577638745308,Additive,0.0
Matched additive (s=0.0),1,NN-MAE,0.8883229683145629,0.9331911830836985,0.7776517818541165,0.36952078342437744,0.29040300846099854,0.028879886493086815,Additive,0.0
Matched additive (s=0.0),1,NN-Huber,0.8896538267182332,0.9344264468394384,0.7798912976344883,0.36330634355545044,0.28682780265808105,0.024647997692227364,Additive,0.0
Matched additive (s=0.0),2,CAIROK1,0.8997590585224664,0.9327410777430031,0.7876686708621555,0.3738657236099243,0.294386625289917,0.03780125081539154,Additive,0.0
Matched additive (s=0.0),2,CAIROG1,0.9012270797368543,0.9329352122036088,0.7898072205726594,0.37214231491088867,0.29404208064079285,0.042935676872730255,Additive,0.0
Matched additive (s=0.0),2,CAIROS1,0.9016901393806115,0.9325128323996933,0.7897295157154859,0.37558698654174805,0.2961401641368866,0.034616291522979736,Additive,0.0
Matched additive (s=0.0),2,CAIROG2,0.8993622422653815,0.9316823529132041,0.7868752408827749,0.3739870488643646,0.2951420843601227,0.03634406626224518,Additive,0.0
Matched additive (s=0.0),2,NN-MSE,0.8891929343611961,0.9323752095808262,0.7758581928231734,0.37140530347824097,0.29435092210769653,0.01896980032324791,Additive,0.0
Matched additive (s=0.0),2,NN-MAE,0.8872769476280284,0.9304413921115408,0.7733691557037861,0.37558335065841675,0.29852619767189026,0.030765879899263382,Additive,0.0
Matched additive (s=0.0),2,NN-Huber,0.89015843159227,0.9325693392703722,0.7775035513556915,0.36656010150909424,0.28988802433013916,0.029632562771439552,Additive,0.0
Matched additive (s=0.0),3,CAIROK1,0.8999142635650955,0.9335962998894923,0.7893112751910817,0.37365585565567017,0.29553666710853577,0.04448552057147026,Additive,0.0
Matched additive (s=0.0),3,CAIROG1,0.9012033128561759,0.9331752566744002,0.790820645877195,0.3697526156902313,0.29415878653526306,0.027354350313544273,Additive,0.0
Matched additive (s=0.0),3,CAIROS1,0.9012849265462327,0.9334403622727455,0.7892765465673011,0.37369871139526367,0.2963002324104309,0.04802021384239197,Additive,0.0
Matched additive (s=0.0),3,CAIROG2,0.8996760264723852,0.9340115931806757,0.7893500195690673,0.37372496724128723,0.2958894371986389,0.035173844546079636,Additive,0.0
Matched additive (s=0.0),3,NN-MSE,0.8879694621353492,0.9331212345024388,0.7787486875424618,0.36720138788223267,0.2904762923717499,0.023476311936974525,Additive,0.0
Matched additive (s=0.0),3,NN-MAE,0.8869088416723784,0.9308029704124394,0.7753850904823667,0.3740704655647278,0.29620063304901123,0.023926610127091408,Additive,0.0
Matched additive (s=0.0),3,NN-Huber,0.8883696962723193,0.9327119504254991,0.7782928787598048,0.3688766360282898,0.2918248474597931,0.015277480706572533,Additive,0.0
Matched additive (s=0.0),4,CAIROK1,0.9085317110139842,0.9399788886967558,0.8016908652041519,0.35762250423431396,0.2811554968357086,0.04526939615607262,Additive,0.0
Matched additive (s=0.0),4,CAIROG1,0.9062016738508331,0.9421369455228746,0.801771422771705,0.35601550340652466,0.27939388155937195,0.04171120002865791,Additive,0.0
Matched additive (s=0.0),4,CAIROS1,0.9062018420496539,0.9411927866999593,0.8010932944790854,0.3580434024333954,0.2784332036972046,0.048082947731018066,Additive,0.0
Matched additive (s=0.0),4,CAIROG2,0.9048551976634168,0.940239101212778,0.7985528918260303,0.36089035868644714,0.28290000557899475,0.04070912301540375,Additive,0.0
Matched additive (s=0.0),4,NN-MSE,0.8942059946267492,0.9397426460111048,0.7879575072571182,0.3559875190258026,0.2795647084712982,0.022502463310956955,Additive,0.0
Matched additive (s=0.0),4,NN-MAE,0.892439926155324,0.9372288551117866,0.7827719103205485,0.36244893074035645,0.28646576404571533,0.01997910812497139,Additive,0.0
Matched additive (s=0.0),4,NN-Huber,0.8941759764657617,0.939442857852734,0.7875523438947564,0.3560868501663208,0.280136376619339,0.03114604949951172,Additive,0.0
Matched multiplicative (s=0.0),0,CAIROK1,0.8969343005650182,0.929962858087496,0.78349420754026,0.2748206555843353,0.211661234498024,0.02748187817633152,Multiplicative,0.0
Matched multiplicative (s=0.0),0,CAIROG1,0.8969980919858261,0.9294857267735978,0.7824392192667834,0.2758173942565918,0.21208016574382782,0.027329862117767334,Multiplicative,0.0
Matched multiplicative (s=0.0),0,CAIROS1,0.8975580672186843,0.9311821972306042,0.7850935775273681,0.27406081557273865,0.21049897372722626,0.026602864265441895,Multiplicative,0.0
Matched multiplicative (s=0.0),0,CAIROG2,0.8994895065229722,0.9313730028668568,0.7865850184516564,0.27485281229019165,0.21198779344558716,0.03657257556915283,Multiplicative,0.0
Matched multiplicative (s=0.0),0,NN-MSE,0.8818026742970341,0.9230129700657316,0.761581125316534,0.28279662132263184,0.219649076461792,0.018483662977814674,Multiplicative,0.0
Matched multiplicative (s=0.0),0,NN-MAE,0.8832883948715127,0.9256501087397455,0.7665863751466865,0.2768699526786804,0.21408291161060333,0.02548147365450859,Multiplicative,0.0
Matched multiplicative (s=0.0),0,NN-Huber,0.8851943192448337,0.9282502427358005,0.7702287598755108,0.2748343050479889,0.21202336251735687,0.020379137247800827,Multiplicative,0.0
Matched multiplicative (s=0.0),1,CAIROK1,0.8945775419692515,0.9282100539608577,0.7810514175330425,0.27571046352386475,0.21176519989967346,0.021822940558195114,Multiplicative,0.0
Matched multiplicative (s=0.0),1,CAIROG1,0.8991921065859637,0.9284866639017605,0.7845410309798976,0.275829017162323,0.21093061566352844,0.01949152909219265,Multiplicative,0.0
Matched multiplicative (s=0.0),1,CAIROS1,0.8997722095671982,0.9288921454276746,0.7855835939808372,0.2748469412326813,0.21028399467468262,0.01926480606198311,Multiplicative,0.0
Matched multiplicative (s=0.0),1,CAIROG2,0.8974183770453903,0.9293950373245823,0.7829729775271342,0.27503472566604614,0.2123895287513733,0.015836190432310104,Multiplicative,0.0
Matched multiplicative (s=0.0),1,NN-MSE,0.8807380760590581,0.9225698649906992,0.762230869001297,0.28359535336494446,0.21964150667190552,0.019490158185362816,Multiplicative,0.0
Matched multiplicative (s=0.0),1,NN-MAE,0.8807280696048951,0.922776132544074,0.7623161015378914,0.2851737439632416,0.22023509442806244,0.01849468983709812,Multiplicative,0.0
Matched multiplicative (s=0.0),1,NN-Huber,0.8823491151792906,0.9243520651292382,0.7652300660860972,0.2824142277240753,0.21721890568733215,0.020878136157989502,Multiplicative,0.0
Matched multiplicative (s=0.0),2,CAIROK1,0.9013675301888739,0.9350014059382764,0.7909435683234067,0.27442803978919983,0.21048904955387115,0.021914446726441383,Multiplicative,0.0
Matched multiplicative (s=0.0),2,CAIROG1,0.9019400370851675,0.9367079856399583,0.7925912846230525,0.2704109251499176,0.2094956338405609,0.02034745179116726,Multiplicative,0.0
Matched multiplicative (s=0.0),2,CAIROS1,0.9007203337580665,0.9360411156757389,0.7919769856181879,0.2709636688232422,0.2092311531305313,0.025285815820097923,Multiplicative,0.0
Matched multiplicative (s=0.0),2,CAIROG2,0.9006481924118823,0.9358093913730657,0.7918782145294688,0.2724021375179291,0.20941518247127533,0.02928030490875244,Multiplicative,0.0
Matched multiplicative (s=0.0),2,NN-MSE,0.8777720526070927,0.921383284377557,0.7555271447100241,0.29964739084243774,0.2343926727771759,0.036674439907073975,Multiplicative,0.0
Matched multiplicative (s=0.0),2,NN-MAE,0.8848657058385069,0.929315579006866,0.7702884318448521,0.27914392948150635,0.2167477011680603,0.02694040536880493,Multiplicative,0.0
Matched multiplicative (s=0.0),2,NN-Huber,0.8861813834124574,0.931820339518531,0.7732946616313943,0.278247207403183,0.21534302830696106,0.023594224825501442,Multiplicative,0.0
Matched multiplicative (s=0.0),3,CAIROK1,0.9022826444920138,0.936580558100522,0.7942602358796703,0.2688741385936737,0.20615148544311523,0.03478257730603218,Multiplicative,0.0
Matched multiplicative (s=0.0),3,CAIROG1,0.9063290876115346,0.935403645354445,0.7966216582737499,0.2683161199092865,0.205948144197464,0.03301382064819336,Multiplicative,0.0
Matched multiplicative (s=0.0),3,CAIROS1,0.9024265579018018,0.935413130805565,0.7931872318997999,0.26925423741340637,0.20861287415027618,0.030740821734070778,Multiplicative,0.0
Matched multiplicative (s=0.0),3,CAIROG2,0.9020312790145872,0.9359951399916727,0.7943508526983315,0.2685319781303406,0.20569922029972076,0.03156477212905884,Multiplicative,0.0
Matched multiplicative (s=0.0),3,NN-MSE,0.8790542467343396,0.9213450765468344,0.7589166821073436,0.2898678779602051,0.22588852047920227,0.01969972811639309,Multiplicative,0.0
Matched multiplicative (s=0.0),3,NN-MAE,0.8840571734464662,0.9276016113996743,0.7686912482243221,0.2807143032550812,0.21791991591453552,0.01618708297610283,Multiplicative,0.0
Matched multiplicative (s=0.0),3,NN-Huber,0.8858132007224226,0.9292836283797207,0.772325365944043,0.27644282579421997,0.2134203016757965,0.01224377192556858,Multiplicative,0.0
Matched multiplicative (s=0.0),4,CAIROK1,0.8995354119347512,0.9319867393490183,0.7866260183719965,0.27287447452545166,0.20989543199539185,0.03017430379986763,Multiplicative,0.0
Matched multiplicative (s=0.0),4,CAIROG1,0.8983888458559256,0.9310505901086774,0.785792541952198,0.2735227346420288,0.21065397560596466,0.030874300748109818,Multiplicative,0.0
Matched multiplicative (s=0.0),4,CAIROS1,0.9020636187435869,0.932498950939085,0.7895279939229064,0.27264460921287537,0.20879031717777252,0.03188016265630722,Multiplicative,0.0
Matched multiplicative (s=0.0),4,CAIROG2,0.9017964756244545,0.9307433400486335,0.7869221053207281,0.2752934694290161,0.2106209695339203,0.02322998084127903,Multiplicative,0.0
Matched multiplicative (s=0.0),4,NN-MSE,0.8782713541692724,0.9191658474791712,0.7539756654931753,0.29342177510261536,0.22999364137649536,0.025119567289948463,Multiplicative,0.0
Matched multiplicative (s=0.0),4,NN-MAE,0.882754066210057,0.9254805860536789,0.7642060403928109,0.2828243672847748,0.21720664203166962,0.024684380739927292,Multiplicative,0.0
Matched multiplicative (s=0.0),4,NN-Huber,0.8847402678620565,0.9280929798640885,0.7689802976962511,0.2797551453113556,0.21451331675052643,0.020671332255005836,Multiplicative,0.0
Matched additive (s=0.5),0,CAIROK1,0.8908896830185177,0.9233373679994341,0.7708750285411606,0.4110957086086273,0.3216801583766937,0.046739548444747925,Additive,0.5
Matched additive (s=0.5),0,CAIROG1,0.896240828905309,0.9238389248021164,0.7759709920034633,0.40644609928131104,0.31762126088142395,0.03398752585053444,Additive,0.5
Matched additive (s=0.5),0,CAIROS1,0.8910164961090196,0.9221152191126409,0.7697535531118427,0.4119809865951538,0.3198819160461426,0.040012847632169724,Additive,0.5
Matched additive (s=0.5),0,CAIROG2,0.8954242906736969,0.9226778194012326,0.7741131267210672,0.4112538993358612,0.3219373822212219,0.030983472242951393,Additive,0.5
Matched additive (s=0.5),0,NN-MSE,0.8810545800190105,0.9220398874608706,0.7596084244333272,0.4042815864086151,0.3133339583873749,0.025608772411942482,Additive,0.5
Matched additive (s=0.5),0,NN-MAE,0.8793086197408575,0.9202419383462773,0.7572861466246681,0.40488559007644653,0.31438034772872925,0.027520950883626938,Additive,0.5
Matched additive (s=0.5),0,NN-Huber,0.8787383060683376,0.9203377284992991,0.7563918226175036,0.4054165482521057,0.31668150424957275,0.022242704406380653,Additive,0.5
Matched additive (s=0.5),1,CAIROK1,0.8904116692334417,0.919376997965945,0.7689218411853403,0.41672784090042114,0.31863898038864136,0.049806784838438034,Additive,0.5
Matched additive (s=0.5),1,CAIROG1,0.8900481872893099,0.9181424216685982,0.7670366400057659,0.4157935678958893,0.31784898042678833,0.04343743249773979,Additive,0.5
Matched additive (s=0.5),1,CAIROS1,0.8882981197005162,0.9171448025545063,0.7650868629657822,0.4237147271633148,0.3262246251106262,0.05383078381419182,Additive,0.5
Matched additive (s=0.5),1,CAIROG2,0.889107998716396,0.917330072386387,0.7652251013336531,0.42349106073379517,0.32414382696151733,0.0520702488720417,Additive,0.5
Matched additive (s=0.5),1,NN-MSE,0.8752032255966703,0.914965263878168,0.7503625470940646,0.420955091714859,0.3216351866722107,0.03537098318338394,Additive,0.5
Matched additive (s=0.5),1,NN-MAE,0.8762987678901056,0.915534716728822,0.7523648940769563,0.41762787103652954,0.31718820333480835,0.03474544733762741,Additive,0.5
Matched additive (s=0.5),1,NN-Huber,0.8768740526560648,0.9169971842583903,0.7540287814217775,0.4166397750377655,0.3187662661075592,0.028106052428483963,Additive,0.5
Matched additive (s=0.5),2,CAIROK1,0.8887925799436334,0.9147680167669522,0.7640953459062584,0.4260939359664917,0.32591158151626587,0.035411637276411057,Additive,0.5
Matched additive (s=0.5),2,CAIROG1,0.8892730166604655,0.9152527572492978,0.7646989333780045,0.42505133152008057,0.3260892629623413,0.03492295369505882,Additive,0.5
Matched additive (s=0.5),2,CAIROS1,0.888076199921486,0.9162280505444029,0.7655835501138689,0.4223467707633972,0.32358670234680176,0.05063246563076973,Additive,0.5
Matched additive (s=0.5),2,CAIROG2,0.8914033515361207,0.9151672857914928,0.7662148651834838,0.42571645975112915,0.3252530097961426,0.05985698848962784,Additive,0.5
Matched additive (s=0.5),2,NN-MSE,0.8752213806145626,0.9144125702919457,0.75106540670743,0.4167701303958893,0.319676011800766,0.02500491961836815,Additive,0.5
Matched additive (s=0.5),2,NN-MAE,0.8740056633413714,0.9131578538553048,0.7491964671731208,0.4197634160518646,0.3226465880870819,0.030672967433929443,Additive,0.5
Matched additive (s=0.5),2,NN-Huber,0.876382065418597,0.9163866923004196,0.7538039651658328,0.41277387738227844,0.3189716935157776,0.024731159210205078,Additive,0.5
Matched additive (s=0.5),3,CAIROK1,0.8925562674210592,0.9168584858394832,0.7689492288981018,0.41530346870422363,0.31519681215286255,0.04520150646567345,Additive,0.5
Matched additive (s=0.5),3,CAIROG1,0.8879028346765455,0.9151734733528522,0.7638064270214473,0.42093101143836975,0.32035645842552185,0.03860912844538689,Additive,0.5
Matched additive (s=0.5),3,CAIROS1,0.8884755116827593,0.9186461056199543,0.7672111078408996,0.4117431342601776,0.31300783157348633,0.046152062714099884,Additive,0.5
Matched additive (s=0.5),3,CAIROG2,0.8906646805385303,0.9179631314352815,0.7682630466128137,0.4095921218395233,0.3127427101135254,0.04310835525393486,Additive,0.5
Matched additive (s=0.5),3,NN-MSE,0.8782980639351643,0.9163427457847981,0.7545204125748873,0.4112447500228882,0.3135017156600952,0.02373697981238365,Additive,0.5
Matched additive (s=0.5),3,NN-MAE,0.877117414578018,0.9144808995311419,0.7522376628991415,0.4122162163257599,0.3129914700984955,0.030314285308122635,Additive,0.5
Matched additive (s=0.5),3,NN-Huber,0.8767972384811646,0.9139716215961795,0.7517583842875671,0.41508743166923523,0.3158127963542938,0.027897287160158157,Additive,0.5
Matched additive (s=0.5),4,CAIROK1,0.8947865781238704,0.925404182880924,0.7760873544178142,0.41258618235588074,0.31971490383148193,0.04342622682452202,Additive,0.5
Matched additive (s=0.5),4,CAIROG1,0.8957736259749682,0.9261925643086754,0.7771540789363512,0.408844918012619,0.3183130621910095,0.03051595762372017,Additive,0.5
Matched additive (s=0.5),4,CAIROS1,0.8967655951004236,0.9265414860539672,0.778540923717267,0.4072527289390564,0.3158273696899414,0.040344513952732086,Additive,0.5
Matched additive (s=0.5),4,CAIROG2,0.8946046381815269,0.9248685112444579,0.7753364865335728,0.4170975685119629,0.3236548900604248,0.04402793198823929,Additive,0.5
Matched additive (s=0.5),4,NN-MSE,0.8809863276853116,0.9238540670331484,0.7615786548082268,0.40937569737434387,0.31831684708595276,0.026936477050185204,Additive,0.5
Matched additive (s=0.5),4,NN-MAE,0.8790302812004422,0.9212637164394187,0.7581014143660059,0.41503921151161194,0.32369011640548706,0.022651584818959236,Additive,0.5
Matched additive (s=0.5),4,NN-Huber,0.8822219887639887,0.9245827174638018,0.7627632635414737,0.4084138870239258,0.3189702332019806,0.023948583751916885,Additive,0.5
Matched multiplicative (s=0.5),0,CAIROK1,0.8126220792379122,0.7958834383172965,0.6123429808882888,0.5650191903114319,0.42986157536506653,0.07246053218841553,Multiplicative,0.5
Matched multiplicative (s=0.5),0,CAIROG1,0.8147928408978542,0.7982473877124885,0.6139843702371964,0.5647589564323425,0.4293069839477539,0.06346802413463593,Multiplicative,0.5
Matched multiplicative (s=0.5),0,CAIROS1,0.8175043036486543,0.7985426519149506,0.6164976581465687,0.567596435546875,0.4321660101413727,0.07069264352321625,Multiplicative,0.5
Matched multiplicative (s=0.5),0,CAIROG2,0.8113103333281226,0.79678715137928,0.611683400903917,0.5676250457763672,0.4306410849094391,0.07743673026561737,Multiplicative,0.5
Matched multiplicative (s=0.5),0,NN-MSE,0.7891990594827155,0.7729512262195144,0.5771292693471682,0.5793840885162354,0.44383537769317627,0.055074870586395264,Multiplicative,0.5
Matched multiplicative (s=0.5),0,NN-MAE,0.793151233178248,0.7820028051448987,0.58544376505466,0.5722724199295044,0.4334729313850403,0.07294304668903351,Multiplicative,0.5
Matched multiplicative (s=0.5),0,NN-Huber,0.7973135224373405,0.7887484306836721,0.5929442282749676,0.5626243948936462,0.42614009976387024,0.0328495018184185,Multiplicative,0.5
Matched multiplicative (s=0.5),1,CAIROK1,0.7992897334675295,0.7687679793853164,0.5872729157298034,0.5751910209655762,0.4433555006980896,0.044637300074100494,Multiplicative,0.5
Matched multiplicative (s=0.5),1,CAIROG1,0.8014990532295393,0.7685454811217618,0.5888850946354411,0.5779393911361694,0.445609450340271,0.0458056703209877,Multiplicative,0.5
Matched multiplicative (s=0.5),1,CAIROS1,0.8060233229913342,0.7700523623063178,0.5940454463083353,0.576505720615387,0.44557711482048035,0.05122048780322075,Multiplicative,0.5
Matched multiplicative (s=0.5),1,CAIROG2,0.8036138571852858,0.7697772425448184,0.5909495080621023,0.5781782865524292,0.448843777179718,0.060558997094631195,Multiplicative,0.5
Matched multiplicative (s=0.5),1,NN-MSE,0.7830626159949174,0.7564895606449262,0.5637069977147798,0.5857005715370178,0.45160973072052,0.036726344376802444,Multiplicative,0.5
Matched multiplicative (s=0.5),1,NN-MAE,0.7852136807719822,0.7604618750193348,0.5668749820502346,0.5817164182662964,0.44489285349845886,0.05461762100458145,Multiplicative,0.5
Matched multiplicative (s=0.5),1,NN-Huber,0.784918534674664,0.7613720827280092,0.5667889568278673,0.5811887979507446,0.450427383184433,0.03576326370239258,Multiplicative,0.5
Matched multiplicative (s=0.5),2,CAIROK1,0.8044862335033942,0.7732238663403789,0.5951049651713443,0.5849460959434509,0.4403913915157318,0.042623065412044525,Multiplicative,0.5
Matched multiplicative (s=0.5),2,CAIROG1,0.8020860400577896,0.7762567576711732,0.5946955064848429,0.576652467250824,0.4368910491466522,0.031909190118312836,Multiplicative,0.5
Matched multiplicative (s=0.5),2,CAIROS1,0.8047152652924698,0.7759880067916431,0.5956425424445594,0.5757461786270142,0.43692493438720703,0.019306134432554245,Multiplicative,0.5
Matched multiplicative (s=0.5),2,CAIROG2,0.8104133186950734,0.7803872198758993,0.6039317418444364,0.5717154145240784,0.43287280201911926,0.047855816781520844,Multiplicative,0.5
Matched multiplicative (s=0.5),2,NN-MSE,0.7850531813770124,0.7640104209908707,0.570507071830029,0.5886943340301514,0.4484339654445648,0.039042629301548004,Multiplicative,0.5
Matched multiplicative (s=0.5),2,NN-MAE,0.7837524139242152,0.7595222282476013,0.5666493731085172,0.5919636487960815,0.44721484184265137,0.05602935701608658,Multiplicative,0.5
Matched multiplicative (s=0.5),2,NN-Huber,0.7862088632293053,0.7652080164043302,0.5726448559832451,0.5852609276771545,0.4416513442993164,0.05581027269363403,Multiplicative,0.5
Matched multiplicative (s=0.5),3,CAIROK1,0.8084105610987331,0.7686989737751588,0.5962105646100646,0.5605312585830688,0.42593932151794434,0.0526079460978508,Multiplicative,0.5
Matched multiplicative (s=0.5),3,CAIROG1,0.8073445011541964,0.7726970014416648,0.5966523239098198,0.5588217377662659,0.42501959204673767,0.05141744762659073,Multiplicative,0.5
Matched multiplicative (s=0.5),3,CAIROS1,0.8054641523761311,0.772397569428761,0.5957931285714588,0.5595760941505432,0.42595598101615906,0.043674517422914505,Multiplicative,0.5
Matched multiplicative (s=0.5),3,CAIROG2,0.8051629704212507,0.7705476646378203,0.5942479449985697,0.5650686025619507,0.4280069172382355,0.07961320877075195,Multiplicative,0.5
Matched multiplicative (s=0.5),3,NN-MSE,0.7858822352293762,0.7630843346778217,0.571693709991291,0.5675288438796997,0.4348103702068329,0.04094411060214043,Multiplicative,0.5
Matched multiplicative (s=0.5),3,NN-MAE,0.7854069738356095,0.7613438872460558,0.569403989870916,0.5685552358627319,0.4311571717262268,0.04952869564294815,Multiplicative,0.5
Matched multiplicative (s=0.5),3,NN-Huber,0.785216869278103,0.7603912038244457,0.5693064047927862,0.5694113969802856,0.4317062795162201,0.048876918852329254,Multiplicative,0.5
Matched multiplicative (s=0.5),4,CAIROK1,0.807366376141972,0.780106393747462,0.6006749364132786,0.5555386543273926,0.42487141489982605,0.044898390769958496,Multiplicative,0.5
Matched multiplicative (s=0.5),4,CAIROG1,0.8094570332834029,0.7796468463259684,0.6016823434645618,0.5544489622116089,0.4248463809490204,0.042979300022125244,Multiplicative,0.5
Matched multiplicative (s=0.5),4,CAIROS1,0.8072144685598694,0.7834957634601097,0.602268286847146,0.5537828207015991,0.422188937664032,0.07037512212991714,Multiplicative,0.5
Matched multiplicative (s=0.5),4,CAIROG2,0.8044679042159782,0.778384007546817,0.5969322671630739,0.557296872138977,0.425234317779541,0.052070487290620804,Multiplicative,0.5
Matched multiplicative (s=0.5),4,NN-MSE,0.7880015808457524,0.7686602557593383,0.5754876165771108,0.5674499273300171,0.43357229232788086,0.06033521890640259,Multiplicative,0.5
Matched multiplicative (s=0.5),4,NN-MAE,0.78776039061093,0.7669635478112614,0.5755180580316679,0.5698666572570801,0.4323061406612396,0.07888676226139069,Multiplicative,0.5
Matched multiplicative (s=0.5),4,NN-Huber,0.79151345970094,0.776129046130364,0.5828497313322216,0.5622168779373169,0.42846402525901794,0.04833998531103134,Multiplicative,0.5
Matched additive (s=1.0),0,CAIROK1,0.8840213277400798,0.9051862015397385,0.7507305322855871,0.4418894946575165,0.33790573477745056,0.04426724836230278,Additive,1.0
Matched additive (s=1.0),0,CAIROG1,0.882318934177769,0.9037771938720962,0.7479835112581419,0.44645950198173523,0.34500667452812195,0.04116985574364662,Additive,1.0
Matched additive (s=1.0),0,CAIROS1,0.8806723467308761,0.9075577297994204,0.750731796885278,0.4417978823184967,0.33733275532722473,0.04709231108427048,Additive,1.0
Matched additive (s=1.0),0,CAIROG2,0.882550458427695,0.9048345623608062,0.7514581438607696,0.4477909505367279,0.34342455863952637,0.04685331508517265,Additive,1.0
Matched additive (s=1.0),0,NN-MSE,0.8682388489784484,0.9046728306603388,0.7374689642393922,0.43895816802978516,0.33600467443466187,0.026275891810655594,Additive,1.0
Matched additive (s=1.0),0,NN-MAE,0.8665929601985072,0.9026397950534348,0.7342857142857143,0.44401320815086365,0.3382733464241028,0.022904708981513977,Additive,1.0
Matched additive (s=1.0),0,NN-Huber,0.8683038840974125,0.9045044561227745,0.7372478537459083,0.4381358325481415,0.33324822783470154,0.015485209412872791,Additive,1.0
Matched additive (s=1.0),1,CAIROK1,0.8806598861157598,0.9053383893363411,0.7484655503403831,0.4909989833831787,0.3573174476623535,0.0576833076775074,Additive,1.0
Matched additive (s=1.0),1,CAIROG1,0.8846571391110528,0.9033080897245845,0.7493393819743738,0.49668601155281067,0.3609955608844757,0.06105921417474747,Additive,1.0
Matched additive (s=1.0),1,CAIROS1,0.8804003396570292,0.9038992529428509,0.7467142897063078,0.4974220395088196,0.35995393991470337,0.05964391306042671,Additive,1.0
Matched additive (s=1.0),1,CAIROG2,0.8829625700706166,0.9055680965782328,0.7500462671627012,0.49472859501838684,0.35936346650123596,0.05358697101473808,Additive,1.0
Matched additive (s=1.0),1,NN-MSE,0.8676431597956968,0.9039524333186523,0.7341881292075845,0.48516541719436646,0.3520548641681671,0.02097778208553791,Additive,1.0
Matched additive (s=1.0),1,NN-MAE,0.8665376014887518,0.9026409843542134,0.7325612994873696,0.4851093590259552,0.35344260931015015,0.024497991427779198,Additive,1.0
Matched additive (s=1.0),1,NN-Huber,0.8687137004187114,0.9054842218572702,0.7365832870113026,0.4807295501232147,0.35082685947418213,0.021180475130677223,Additive,1.0
Matched additive (s=1.0),2,CAIROK1,0.8826642912262348,0.9068319187105315,0.752716974608508,0.46556293964385986,0.3525908887386322,0.06255035102367401,Additive,1.0
Matched additive (s=1.0),2,CAIROG1,0.8835275314497835,0.9094062237584815,0.7552487216393009,0.45681777596473694,0.3468339145183563,0.0534791573882103,Additive,1.0
Matched additive (s=1.0),2,CAIROS1,0.8832331149727781,0.907181979206304,0.7518568149820426,0.4646684229373932,0.3552008271217346,0.05615292116999626,Additive,1.0
Matched additive (s=1.0),2,CAIROG2,0.8800675502263651,0.9092963811822554,0.7527602001653086,0.4616049528121948,0.349507212638855,0.06731753051280975,Additive,1.0
Matched additive (s=1.0),2,NN-MSE,0.8705483323911815,0.9068665350411117,0.7408671484157866,0.4565700888633728,0.34643206000328064,0.04180240258574486,Additive,1.0
Matched additive (s=1.0),2,NN-MAE,0.87084848697079,0.9083212371361843,0.7425260947439937,0.45392999053001404,0.3440578281879425,0.026583468541502953,Additive,1.0
Matched additive (s=1.0),2,NN-Huber,0.8703732422197432,0.9080568625689905,0.7423482181458836,0.45507609844207764,0.34454840421676636,0.03575526922941208,Additive,1.0
Matched additive (s=1.0),3,CAIROK1,0.883726512317173,0.9077361024996944,0.7527067087958921,0.46553167700767517,0.3564526438713074,0.062197498977184296,Additive,1.0
Matched additive (s=1.0),3,CAIROG1,0.8819878988467704,0.9088174127031262,0.7508440631068065,0.46287915110588074,0.35323482751846313,0.06388560682535172,Additive,1.0
Matched additive (s=1.0),3,CAIROS1,0.8828584491967496,0.9088626939076712,0.7528532831817238,0.46323806047439575,0.35402369499206543,0.06648168712854385,Additive,1.0
Matched additive (s=1.0),3,CAIROG2,0.8855749223643075,0.9084683011483489,0.7543160419973917,0.46331673860549927,0.35132327675819397,0.0616055428981781,Additive,1.0
Matched additive (s=1.0),3,NN-MSE,0.8664742313426116,0.9052704584168083,0.7338187882156754,0.46503564715385437,0.3572092652320862,0.02857884205877781,Additive,1.0
Matched additive (s=1.0),3,NN-MAE,0.8685353237215724,0.9096243301309661,0.7405669816564758,0.45407965779304504,0.3477271795272827,0.026158709079027176,Additive,1.0
Matched additive (s=1.0),3,NN-Huber,0.8691856684042543,0.9099341985393617,0.7409968501019085,0.4549606442451477,0.3481760621070862,0.028363410383462906,Additive,1.0
Matched additive (s=1.0),4,CAIROK1,0.8809663592674374,0.9031830940148696,0.7476657600656136,0.48917505145072937,0.35904717445373535,0.06366165727376938,Additive,1.0
Matched additive (s=1.0),4,CAIROG1,0.877716369259058,0.8981269982176335,0.7401637241643502,0.501667320728302,0.37492913007736206,0.0670323520898819,Additive,1.0
Matched additive (s=1.0),4,CAIROS1,0.8802444587097549,0.9017151532058331,0.745585021020976,0.49398037791252136,0.3655592203140259,0.07769842445850372,Additive,1.0
Matched additive (s=1.0),4,CAIROG2,0.8787257407243564,0.9020248302678614,0.7451339890269036,0.4906308054924011,0.3633829653263092,0.06716245412826538,Additive,1.0
Matched additive (s=1.0),4,NN-MSE,0.8656358024382557,0.9006057429853116,0.7314310419368785,0.48852354288101196,0.35642707347869873,0.041605304926633835,Additive,1.0
Matched additive (s=1.0),4,NN-MAE,0.8655807740986609,0.9018804470824425,0.7325946513495152,0.48010894656181335,0.3554254174232483,0.03762544319033623,Additive,1.0
Matched additive (s=1.0),4,NN-Huber,0.8671515830652786,0.903177795684082,0.7343050874884816,0.48044919967651367,0.35458052158355713,0.03413970395922661,Additive,1.0
Matched multiplicative (s=1.0),0,CAIROK1,0.7385348232958027,0.6349986241535891,0.4640541878399477,0.8771547079086304,0.6438239216804504,0.07070917636156082,Multiplicative,1.0
Matched multiplicative (s=1.0),0,CAIROG1,0.747113960970288,0.6288372725902299,0.46833331078401846,0.8790392875671387,0.6473584175109863,0.0712004005908966,Multiplicative,1.0
Matched multiplicative (s=1.0),0,CAIROS1,0.7391825179821334,0.6281892665672572,0.4628391909238984,0.8786208033561707,0.6426997780799866,0.09071964025497437,Multiplicative,1.0
Matched multiplicative (s=1.0),0,CAIROG2,0.7436559327966399,0.6321833742990379,0.4684581626084342,0.8732648491859436,0.6409189701080322,0.0497879683971405,Multiplicative,1.0
Matched multiplicative (s=1.0),0,NN-MSE,0.723015428331299,0.6255562232300875,0.4468984148287579,0.879043459892273,0.6466547846794128,0.09531499445438385,Multiplicative,1.0
Matched multiplicative (s=1.0),0,NN-MAE,0.7265673463670382,0.6343610459110024,0.45273128674305374,0.8858242034912109,0.6429197788238525,0.17623677849769592,Multiplicative,1.0
Matched multiplicative (s=1.0),0,NN-Huber,0.7228803553919116,0.626622470473305,0.4467489490300222,0.8799684643745422,0.6448495984077454,0.08455786854028702,Multiplicative,1.0
Matched multiplicative (s=1.0),1,CAIROK1,0.7476672580031407,0.6427341451039817,0.4762809895329753,0.8246686458587646,0.6222141981124878,0.08746903389692307,Multiplicative,1.0
Matched multiplicative (s=1.0),1,CAIROG1,0.7468547894076386,0.641256398942951,0.4744557289544085,0.8265263438224792,0.6223361492156982,0.033042747527360916,Multiplicative,1.0
Matched multiplicative (s=1.0),1,CAIROS1,0.7457057525551775,0.638184029117242,0.4716915626148264,0.8284308314323425,0.6211813688278198,0.07079174369573593,Multiplicative,1.0
Matched multiplicative (s=1.0),1,CAIROG2,0.7490524243170071,0.6403986835707601,0.4772506097954988,0.8233988881111145,0.621514618396759,0.05453193187713623,Multiplicative,1.0
Matched multiplicative (s=1.0),1,NN-MSE,0.7238155268410548,0.6282372021308237,0.4488715953307393,0.838212251663208,0.6276330947875977,0.0860733836889267,Multiplicative,1.0
Matched multiplicative (s=1.0),1,NN-MAE,0.7216494329636466,0.6242449087175646,0.44490148848125505,0.8504124283790588,0.6326892375946045,0.12759752571582794,Multiplicative,1.0
Matched multiplicative (s=1.0),1,NN-Huber,0.7242757592584255,0.6293763279968092,0.45000432338953744,0.8357653021812439,0.6309395432472229,0.08573174476623535,Multiplicative,1.0
Matched multiplicative (s=1.0),2,CAIROK1,0.7484375511272537,0.6442874213254078,0.4788615738220739,0.8838979005813599,0.6558920741081238,0.05870289355516434,Multiplicative,1.0
Matched multiplicative (s=1.0),2,CAIROG1,0.7520604730553524,0.6525679934528853,0.48591676092016584,0.8755376935005188,0.6496589779853821,0.07694045454263687,Multiplicative,1.0
Matched multiplicative (s=1.0),2,CAIROS1,0.7571152572311769,0.6527268204138766,0.48845251664804634,0.8736890554428101,0.6482278108596802,0.07023528963327408,Multiplicative,1.0
Matched multiplicative (s=1.0),2,CAIROG2,0.748643209625451,0.6509126757460114,0.4812099661617037,0.8703528642654419,0.6504350304603577,0.04974926635622978,Multiplicative,1.0
Matched multiplicative (s=1.0),2,NN-MSE,0.7257537631880419,0.6310985695937451,0.4490316994107124,0.8945887684822083,0.6721620559692383,0.05145450681447983,Multiplicative,1.0
Matched multiplicative (s=1.0),2,NN-MAE,0.7230973951585067,0.6247538536404661,0.44435996675932166,0.8988171219825745,0.6621285676956177,0.10308350622653961,Multiplicative,1.0
Matched multiplicative (s=1.0),2,NN-Huber,0.7250634076549423,0.6315880790043392,0.44983708536753597,0.8901509642601013,0.6606108546257019,0.06971763074398041,Multiplicative,1.0
Matched multiplicative (s=1.0),3,CAIROK1,0.7399869985440518,0.6230307850891146,0.4577166197774976,0.9257918000221252,0.6864297389984131,0.10555943101644516,Multiplicative,1.0
Matched multiplicative (s=1.0),3,CAIROG1,0.739559946115851,0.6282710871216123,0.46070652389713357,0.9232461452484131,0.681335985660553,0.05047218129038811,Multiplicative,1.0
Matched multiplicative (s=1.0),3,CAIROS1,0.7390349110169264,0.6328207270145001,0.46577244291168585,0.9181479811668396,0.680526852607727,0.07235531508922577,Multiplicative,1.0
Matched multiplicative (s=1.0),3,CAIROG2,0.7375957719271591,0.6219299917842306,0.4584639939544035,0.9257147908210754,0.6885936260223389,0.08365397155284882,Multiplicative,1.0
Matched multiplicative (s=1.0),3,NN-MSE,0.7180105455891622,0.6178969499681944,0.4397233030696066,0.9327492117881775,0.6944305896759033,0.06658843904733658,Multiplicative,1.0
Matched multiplicative (s=1.0),3,NN-MAE,0.7194863277537095,0.6225396098373281,0.44301772589710336,0.9306918978691101,0.6802677512168884,0.1360190212726593,Multiplicative,1.0
Matched multiplicative (s=1.0),3,NN-Huber,0.7192211872292315,0.6179337462758477,0.43967265764931135,0.9280288219451904,0.6930855512619019,0.07645485550165176,Multiplicative,1.0
Matched multiplicative (s=1.0),4,CAIROK1,0.7339028964367577,0.6185109785248641,0.45538784872535065,0.8806353807449341,0.6632322669029236,0.05084250122308731,Multiplicative,1.0
Matched multiplicative (s=1.0),4,CAIROG1,0.7380141388174807,0.6250917274318741,0.4607260709069892,0.8827406764030457,0.6655195355415344,0.060478515923023224,Multiplicative,1.0
Matched multiplicative (s=1.0),4,CAIROS1,0.7357450705742916,0.6110660194165922,0.4511140056697663,0.8855519890785217,0.6657241582870483,0.04471795633435249,Multiplicative,1.0
Matched multiplicative (s=1.0),4,CAIROG2,0.7355731495967593,0.6273938324973989,0.46054410575923177,0.8756014108657837,0.6572772264480591,0.06931046396493912,Multiplicative,1.0
Matched multiplicative (s=1.0),4,NN-MSE,0.7196756329509697,0.6123850305715116,0.43693162868260144,0.887056827545166,0.6752992272377014,0.07519408315420151,Multiplicative,1.0
Matched multiplicative (s=1.0),4,NN-MAE,0.7133673842028645,0.5983622320048042,0.42562781792353777,0.9050953984260559,0.6728553771972656,0.13650451600551605,Multiplicative,1.0
Matched multiplicative (s=1.0),4,NN-Huber,0.7117915726599199,0.5932225802127307,0.42061268606015684,0.9011234045028687,0.6786516904830933,0.10097058862447739,Multiplicative,1.0
Matched additive (s=1.5),0,CAIROK1,0.8771553399567766,0.8939414772899263,0.741092739497954,0.5248996615409851,0.3669563829898834,0.06299685686826706,Additive,1.5
Matched additive (s=1.5),0,CAIROG1,0.8759105491111585,0.8902476321522188,0.7370549099062563,0.5220944881439209,0.3636125326156616,0.03826219588518143,Additive,1.5
Matched additive (s=1.5),0,CAIROS1,0.8744766622450671,0.8911995828455513,0.7369832707625408,0.5237637758255005,0.3690588176250458,0.04259350150823593,Additive,1.5
Matched additive (s=1.5),0,CAIROG2,0.8742945285335479,0.8929757455792733,0.7378432996271501,0.5239896178245544,0.3700035512447357,0.045033179223537445,Additive,1.5
Matched additive (s=1.5),0,NN-MSE,0.8614534976788859,0.8906326329113065,0.7243332715706258,0.5209746360778809,0.36222758889198303,0.036220185458660126,Additive,1.5
Matched additive (s=1.5),0,NN-MAE,0.8623689370898031,0.890528630821594,0.7247186708665309,0.518155038356781,0.3599116802215576,0.02295326255261898,Additive,1.5
Matched additive (s=1.5),0,NN-Huber,0.8637896190171283,0.8935884918483,0.7298400345871163,0.5132187008857727,0.3509640693664551,0.02860196866095066,Additive,1.5
Matched additive (s=1.5),1,CAIROK1,0.8766275099820612,0.8881656492806442,0.7357789137395683,0.5175568461418152,0.3757820427417755,0.041529580950737,Additive,1.5
Matched additive (s=1.5),1,CAIROG1,0.8689050337311883,0.8842343727669839,0.7253025973584865,0.5161651968955994,0.37957435846328735,0.044589269906282425,Additive,1.5
Matched additive (s=1.5),1,CAIROS1,0.8724729782523766,0.887043512235352,0.7310189363036385,0.5161771178245544,0.3745293617248535,0.031987134367227554,Additive,1.5
Matched additive (s=1.5),1,CAIROG2,0.8712265616906661,0.8870227420677328,0.729239577350238,0.5152537226676941,0.372763067483902,0.04542946070432663,Additive,1.5
Matched additive (s=1.5),1,NN-MSE,0.8564968133748212,0.8847597730740041,0.7144277685133716,0.5180625319480896,0.3765913248062134,0.024922840297222137,Additive,1.5
Matched additive (s=1.5),1,NN-MAE,0.8580676144833865,0.8860608187430512,0.7167772219134088,0.5148741602897644,0.37489399313926697,0.02813146449625492,Additive,1.5
Matched additive (s=1.5),1,NN-Huber,0.8587979869733564,0.8875521998617901,0.7186473967018715,0.5107316374778748,0.37168416380882263,0.022259986028075218,Additive,1.5
Matched additive (s=1.5),2,CAIROK1,0.886073847271595,0.9122926884414672,0.7603943541601859,0.47831639647483826,0.3481033742427826,0.05613905191421509,Additive,1.5
Matched additive (s=1.5),2,CAIROG1,0.8821935129476756,0.9069560866820321,0.7506771310887822,0.48984622955322266,0.3549083173274994,0.052732039242982864,Additive,1.5
Matched additive (s=1.5),2,CAIROS1,0.8888435800920117,0.9111709641645889,0.7617109691458451,0.47924500703811646,0.34479641914367676,0.0468892939388752,Additive,1.5
Matched additive (s=1.5),2,CAIROG2,0.886396821092593,0.909497549068708,0.7579689745443748,0.4821425974369049,0.3495372235774994,0.061977069824934006,Additive,1.5
Matched additive (s=1.5),2,NN-MSE,0.8696398284945241,0.9082402618025499,0.7414995985424001,0.47432979941368103,0.3447871208190918,0.03051726520061493,Additive,1.5
Matched additive (s=1.5),2,NN-MAE,0.8694096869574789,0.9078553254697508,0.7406695077512199,0.4706736207008362,0.3457668423652649,0.03725695610046387,Additive,1.5
Matched additive (s=1.5),2,NN-Huber,0.8712157977155951,0.9098577623017786,0.7448607250941882,0.4678375720977783,0.34071242809295654,0.03859643265604973,Additive,1.5
Matched additive (s=1.5),3,CAIROK1,0.8823804379440728,0.9040788758501923,0.7514148309207418,0.48625069856643677,0.3497155010700226,0.04321480542421341,Additive,1.5
Matched additive (s=1.5),3,CAIROG1,0.8803403752829123,0.9019114162236661,0.7458497664051634,0.49789148569107056,0.36054694652557373,0.05744137242436409,Additive,1.5
Matched additive (s=1.5),3,CAIROS1,0.8830214568898246,0.9003665678808089,0.7470250459875897,0.4911341965198517,0.3581407964229584,0.038331903517246246,Additive,1.5
Matched additive (s=1.5),3,CAIROG2,0.882683748032481,0.9028235301963208,0.7504712569700748,0.4858020842075348,0.3495487868785858,0.04091738164424896,Additive,1.5
Matched additive (s=1.5),3,NN-MSE,0.8671272694526297,0.8988055304955342,0.7303353715026867,0.48924577236175537,0.3556986451148987,0.024290580302476883,Additive,1.5
Matched additive (s=1.5),3,NN-MAE,0.8683129630834038,0.9016331980349377,0.7347217590019147,0.484668105840683,0.3489765226840973,0.03709091246128082,Additive,1.5
Matched additive (s=1.5),3,NN-Huber,0.8695136654943142,0.9015025663073765,0.7349836328824656,0.48506301641464233,0.3491087555885315,0.03165576979517937,Additive,1.5
Matched additive (s=1.5),4,CAIROK1,0.8813479028168941,0.9029594876079413,0.7481307754455215,0.5197067260742188,0.36175957322120667,0.04694763943552971,Additive,1.5
Matched additive (s=1.5),4,CAIROG1,0.8858214380985757,0.9055039315438282,0.7545327282279422,0.5092325210571289,0.35092219710350037,0.04110468924045563,Additive,1.5
Matched additive (s=1.5),4,CAIROS1,0.8861659789663053,0.9053329454605548,0.7543892099868434,0.5115492939949036,0.3534930646419525,0.042441025376319885,Additive,1.5
Matched additive (s=1.5),4,CAIROG2,0.8878651779717931,0.9063502015696732,0.7566968754562912,0.5106719136238098,0.35267484188079834,0.04266250506043434,Additive,1.5
Matched additive (s=1.5),4,NN-MSE,0.8677788894447224,0.903811126690677,0.7374701994935459,0.5092675685882568,0.3508937954902649,0.0149536756798625,Additive,1.5
Matched additive (s=1.5),4,NN-MAE,0.8703351675837919,0.9071809512426707,0.7430000441603851,0.5039539337158203,0.3431496322154999,0.026956850662827492,Additive,1.5
Matched additive (s=1.5),4,NN-Huber,0.869479739869935,0.9056805079260828,0.7405435118275586,0.5043790340423584,0.34643474221229553,0.023933392018079758,Additive,1.5
Matched multiplicative (s=1.5),0,CAIROK1,0.7225377532015983,0.5533442254954872,0.4114561218437641,1.1082518100738525,0.8290553092956543,0.09284337610006332,Multiplicative,1.5
Matched multiplicative (s=1.5),0,CAIROG1,0.7074997941878653,0.5458001482417962,0.3975376899866533,1.1149005889892578,0.8388299345970154,0.20731917023658752,Multiplicative,1.5
Matched multiplicative (s=1.5),0,CAIROS1,0.7094318428267168,0.5426826823249429,0.39722152530282345,1.1178427934646606,0.8342866897583008,0.11956615746021271,Multiplicative,1.5
Matched multiplicative (s=1.5),0,CAIROG2,0.7077644868612514,0.555331458451136,0.4005017777575454,1.1057287454605103,0.8252614736557007,0.09884954988956451,Multiplicative,1.5
Matched multiplicative (s=1.5),0,NN-MSE,0.6843885064831119,0.5287621796591089,0.36811067877215736,1.1234616041183472,0.8386419415473938,0.08581628650426865,Multiplicative,1.5
Matched multiplicative (s=1.5),0,NN-MAE,0.6879001920922042,0.5386330407303624,0.3764165277005744,1.1329703330993652,0.8153930902481079,0.21223184466362,Multiplicative,1.5
Matched multiplicative (s=1.5),0,NN-Huber,0.6911167360332959,0.5446645179005715,0.38097832128960535,1.1096376180648804,0.8173937797546387,0.07603864371776581,Multiplicative,1.5
Matched multiplicative (s=1.5),1,CAIROK1,0.6928329697605887,0.5127539874519809,0.37280805589406574,1.185004472732544,0.8686702251434326,0.1310916244983673,Multiplicative,1.5
Matched multiplicative (s=1.5),1,CAIROG1,0.6968931479761187,0.5197262520623991,0.3782736264648798,1.1772172451019287,0.8619470596313477,0.12103742361068726,Multiplicative,1.5
Matched multiplicative (s=1.5),1,CAIROS1,0.7059607345262808,0.5279676949190939,0.3888546574085011,1.1719672679901123,0.8562923073768616,0.12861429154872894,Multiplicative,1.5
Matched multiplicative (s=1.5),1,CAIROG2,0.7106399895570034,0.5196934082173688,0.38653437750443737,1.176770806312561,0.8642515540122986,0.16009196639060974,Multiplicative,1.5
Matched multiplicative (s=1.5),1,NN-MSE,0.680356982060851,0.5154664204114466,0.35892409363226485,1.1831133365631104,0.8551352024078369,0.10874251276254654,Multiplicative,1.5
Matched multiplicative (s=1.5),1,NN-MAE,0.6774388810237272,0.507623994644879,0.3539141213725099,1.1982629299163818,0.8384573459625244,0.22784116864204407,Multiplicative,1.5
Matched multiplicative (s=1.5),1,NN-Huber,0.6792214029154869,0.5124906108510117,0.3569501574949046,1.1784111261367798,0.8464503288269043,0.13375736773014069,Multiplicative,1.5
Matched multiplicative (s=1.5),2,CAIROK1,0.6875456557528974,0.5035102333517568,0.3637975469194775,1.1744396686553955,0.8659708499908447,0.06974674761295319,Multiplicative,1.5
Matched multiplicative (s=1.5),2,CAIROG1,0.6917942484175482,0.5057348065618863,0.36655592921287594,1.1715257167816162,0.8614954352378845,0.09889643639326096,Multiplicative,1.5
Matched multiplicative (s=1.5),2,CAIROS1,0.695781267278558,0.505539987887454,0.36721203908038125,1.172744631767273,0.8637822866439819,0.05748537927865982,Multiplicative,1.5
Matched multiplicative (s=1.5),2,CAIROG2,0.6883104998250478,0.5052078504099013,0.3626809282003201,1.1798803806304932,0.8676618337631226,0.08919581770896912,Multiplicative,1.5
Matched multiplicative (s=1.5),2,NN-MSE,0.6671352882022443,0.4837323612342679,0.33465999629423754,1.1865278482437134,0.8852777481079102,0.13391229510307312,Multiplicative,1.5
Matched multiplicative (s=1.5),2,NN-MAE,0.6681459097344867,0.4840180362195585,0.3348823420418751,1.1992181539535522,0.8634310960769653,0.22552482783794403,Multiplicative,1.5
Matched multiplicative (s=1.5),2,NN-Huber,0.6676255897376887,0.4849037085530499,0.33522399333705305,1.1866705417633057,0.8777353167533875,0.11096905171871185,Multiplicative,1.5
Matched multiplicative (s=1.5),3,CAIROK1,0.7012747010477514,0.5345664845664657,0.38678476704874254,1.2154476642608643,0.8749716281890869,0.1486261636018753,Multiplicative,1.5
Matched multiplicative (s=1.5),3,CAIROG1,0.701189362555125,0.5388399975225139,0.3881835453344621,1.215074896812439,0.8795073628425598,0.17858484387397766,Multiplicative,1.5
Matched multiplicative (s=1.5),3,CAIROS1,0.7041247033865871,0.5366321044660471,0.390296935145911,1.2144646644592285,0.8747043609619141,0.15889215469360352,Multiplicative,1.5
Matched multiplicative (s=1.5),3,CAIROG2,0.7042435660893752,0.5303320300474016,0.3879398843625758,1.2222141027450562,0.8841866254806519,0.1815561056137085,Multiplicative,1.5
Matched multiplicative (s=1.5),3,NN-MSE,0.6789471841027,0.5171836081842413,0.35976530171082705,1.2160232067108154,0.8969200253486633,0.10746189206838608,Multiplicative,1.5
Matched multiplicative (s=1.5),3,NN-MAE,0.6782567802164267,0.51287264183312,0.3568575134333889,1.2471073865890503,0.8845000267028809,0.2934013605117798,Multiplicative,1.5
Matched multiplicative (s=1.5),3,NN-Huber,0.6820840191512034,0.5237321513576598,0.3654165894632821,1.2097786664962769,0.8877496123313904,0.09276808798313141,Multiplicative,1.5
Matched multiplicative (s=1.5),4,CAIROK1,0.7055498345785588,0.5356192629777201,0.3882014042004996,1.3109921216964722,0.9049654006958008,0.09672168642282486,Multiplicative,1.5
Matched multiplicative (s=1.5),4,CAIROG1,0.701756771456543,0.5396715519567209,0.3906550232838787,1.3047271966934204,0.8967707753181458,0.08949071168899536,Multiplicative,1.5
Matched multiplicative (s=1.5),4,CAIROS1,0.6977212998828459,0.5432523296615752,0.38876579725732957,1.3038644790649414,0.8992237448692322,0.09254366159439087,Multiplicative,1.5
Matched multiplicative (s=1.5),4,CAIROG2,0.7090041183077499,0.5489448472022884,0.3997934413369798,1.2931195497512817,0.8885433077812195,0.07013729959726334,Multiplicative,1.5
Matched multiplicative (s=1.5),4,NN-MSE,0.6765732866433216,0.5149731116172156,0.35636464702612564,1.3168262243270874,0.9116575717926025,0.1341911405324936,Multiplicative,1.5
Matched multiplicative (s=1.5),4,NN-MAE,0.6772736368184092,0.5170204517552835,0.35816317707368295,1.3275314569473267,0.8902897238731384,0.22326529026031494,Multiplicative,1.5
Matched multiplicative (s=1.5),4,NN-Huber,0.6805802901450725,0.5240828307478299,0.3635594971155436,1.3113826513290405,0.9009018540382385,0.09559502452611923,Multiplicative,1.5
Matched additive (s=2.0),0,CAIROK1,0.8778458344147417,0.8929061030907572,0.7403036548200506,0.6178270578384399,0.37993520498275757,0.07877083122730255,Additive,2.0
Matched additive (s=2.0),0,CAIROG1,0.8766190496022657,0.8905117492486883,0.7368305055568529,0.6183039546012878,0.3814327120780945,0.0717589482665062,Additive,2.0
Matched additive (s=2.0),0,CAIROS1,0.8794447633460314,0.893191181605939,0.7417429884547111,0.6188972592353821,0.38111287355422974,0.08015487343072891,Additive,2.0
Matched additive (s=2.0),0,CAIROG2,0.8788312293995273,0.891429986271296,0.7395913882414163,0.6169354915618896,0.38257232308387756,0.0915275439620018,Additive,2.0
Matched additive (s=2.0),0,NN-MSE,0.861275233259124,0.8883947474469386,0.7226977950713359,0.6138929724693298,0.37073853611946106,0.03146643191576004,Additive,2.0
Matched additive (s=2.0),0,NN-MAE,0.8626009955724542,0.8919257259030018,0.7256463467358409,0.6111844182014465,0.37131503224372864,0.029843473806977272,Additive,2.0
Matched additive (s=2.0),0,NN-Huber,0.8634314730970308,0.8920234625586819,0.7271644740905441,0.6065968871116638,0.3676183521747589,0.049100544303655624,Additive,2.0
Matched additive (s=2.0),1,CAIROK1,0.8840185745591151,0.8979589047727526,0.7518085359125449,0.5842622518539429,0.3664935231208801,0.05052297189831734,Additive,2.0
Matched additive (s=2.0),1,CAIROG1,0.8822902518023195,0.8966359452079861,0.7483636279554496,0.5878952145576477,0.3710651099681854,0.053923435509204865,Additive,2.0
Matched additive (s=2.0),1,CAIROS1,0.888366446852272,0.8971461428158544,0.753922667584282,0.589850902557373,0.37128350138664246,0.04402998834848404,Additive,2.0
Matched additive (s=2.0),1,CAIROG2,0.8810563255245595,0.8961311625530548,0.7474326040894778,0.5941647291183472,0.3764186203479767,0.04882536455988884,Additive,2.0
Matched additive (s=2.0),1,NN-MSE,0.866797066503917,0.8953869512511167,0.732352541535421,0.5820854306221008,0.36742961406707764,0.037718795239925385,Additive,2.0
Matched additive (s=2.0),1,NN-MAE,0.8690782298972476,0.8970533694609166,0.7355481440306343,0.5777493715286255,0.3607949912548065,0.037674348801374435,Additive,2.0
Matched additive (s=2.0),1,NN-Huber,0.86539134958829,0.8934002885460768,0.7296296490734858,0.5869210958480835,0.369689404964447,0.03337227180600166,Additive,2.0
Matched additive (s=2.0),2,CAIROK1,0.8806641408745772,0.8968146219155695,0.7462796856782836,0.5460012555122375,0.363664448261261,0.06107422709465027,Additive,2.0
Matched additive (s=2.0),2,CAIROG1,0.8805468201782883,0.8961603739528419,0.7457834058289114,0.5452635884284973,0.3659230172634125,0.04299638420343399,Additive,2.0
Matched additive (s=2.0),2,CAIROS1,0.877206096092355,0.8955841144530546,0.7430512503392495,0.5491731762886047,0.368838369846344,0.05696367099881172,Additive,2.0
Matched additive (s=2.0),2,CAIROG2,0.8802533072995521,0.8954879955788118,0.7448476461985131,0.5504564642906189,0.36987951397895813,0.06646277010440826,Additive,2.0
Matched additive (s=2.0),2,NN-MSE,0.8662944842973057,0.8969450751888093,0.7333778024828609,0.5413350462913513,0.359646737575531,0.031248116865754128,Additive,2.0
Matched additive (s=2.0),2,NN-MAE,0.8643635381336855,0.8947303152459822,0.7294867518992032,0.5428158044815063,0.36316943168640137,0.0373372808098793,Additive,2.0
Matched additive (s=2.0),2,NN-Huber,0.8648287660953867,0.8943808377718635,0.730048792539065,0.541860818862915,0.3613542914390564,0.033987075090408325,Additive,2.0
Matched additive (s=2.0),3,CAIROK1,0.8758630326994938,0.8882488271109421,0.7387962989976011,0.5062047243118286,0.35365545749664307,0.04006713628768921,Additive,2.0
Matched additive (s=2.0),3,CAIROG1,0.8755495172513548,0.8879463130319147,0.7378808674417625,0.5036390423774719,0.350057989358902,0.05534156411886215,Additive,2.0
Matched additive (s=2.0),3,CAIROS1,0.8757770437225271,0.8847564882136714,0.7352100354978113,0.5117464065551758,0.3553951680660248,0.04904657602310181,Additive,2.0
Matched additive (s=2.0),3,CAIROG2,0.8772824288852823,0.8875817080194756,0.7385300413790931,0.5070701241493225,0.3551126718521118,0.04598228260874748,Additive,2.0
Matched additive (s=2.0),3,NN-MSE,0.862540273358548,0.8871986400818849,0.7248594898400347,0.5022960901260376,0.35221830010414124,0.04101959615945816,Additive,2.0
Matched additive (s=2.0),3,NN-MAE,0.8646364891637149,0.8894333300720155,0.7292421715768019,0.49693429470062256,0.3449762761592865,0.03278593346476555,Additive,2.0
Matched additive (s=2.0),3,NN-Huber,0.8620549918952993,0.8868121852300984,0.7244691495275153,0.5034362077713013,0.35164934396743774,0.04583007097244263,Additive,2.0
Matched additive (s=2.0),4,CAIROK1,0.8722936241083493,0.8806359695842878,0.7289982207321658,0.5476831197738647,0.3715384900569916,0.053923897445201874,Additive,2.0
Matched additive (s=2.0),4,CAIROG1,0.8702420517965762,0.8766269540367457,0.7229587890021099,0.5522056221961975,0.3737404942512512,0.0463220551609993,Additive,2.0
Matched additive (s=2.0),4,CAIROS1,0.8734526597524256,0.8792005613089853,0.7275595944962091,0.5547288060188293,0.37157151103019714,0.0728716254234314,Additive,2.0
Matched additive (s=2.0),4,CAIROG2,0.8708637764600967,0.8803801978024267,0.7279144037611261,0.5462727546691895,0.3688068389892578,0.06020813062787056,Additive,2.0
Matched additive (s=2.0),4,NN-MSE,0.8546242282946939,0.8780865405616896,0.711017231795442,0.5485907196998596,0.36760878562927246,0.04597151651978493,Additive,2.0
Matched additive (s=2.0),4,NN-MAE,0.8548093375091304,0.8787000551543381,0.7111246989068001,0.5476999878883362,0.3691248297691345,0.04298172518610954,Additive,2.0
Matched additive (s=2.0),4,NN-Huber,0.8567604886883261,0.8803979795467016,0.7141164844666791,0.5431864857673645,0.3647216260433197,0.04208320379257202,Additive,2.0
Matched multiplicative (s=2.0),0,CAIROK1,0.6661152811216542,0.42813598835064687,0.31106145367912635,1.4950282573699951,1.0433051586151123,0.12532368302345276,Multiplicative,2.0
Matched multiplicative (s=2.0),0,CAIROG1,0.6708885280460359,0.4407670095882075,0.3212254900788872,1.4862045049667358,1.0496679544448853,0.12800948321819305,Multiplicative,2.0
Matched multiplicative (s=2.0),0,CAIROS1,0.6631116053376466,0.4284301799817652,0.30942163170260933,1.499422311782837,1.055476188659668,0.12616969645023346,Multiplicative,2.0
Matched multiplicative (s=2.0),0,CAIROG2,0.6660693437593331,0.44482156687213964,0.31793354255393846,1.4914358854293823,1.0469809770584106,0.1009991466999054,Multiplicative,2.0
Matched multiplicative (s=2.0),0,NN-MSE,0.6486629812141982,0.4321541971669333,0.2975665493175221,1.4944080114364624,1.0698702335357666,0.11821236461400986,Multiplicative,2.0
Matched multiplicative (s=2.0),0,NN-MAE,0.6481326762888661,0.43132245124732166,0.2970348641328238,1.5124775171279907,1.034324288368225,0.27009499073028564,Multiplicative,2.0
Matched multiplicative (s=2.0),0,NN-Huber,0.6489631538134427,0.43125827096448693,0.29703662528565256,1.4892916679382324,1.068821668624878,0.07114136219024658,Multiplicative,2.0
Matched multiplicative (s=2.0),1,CAIROK1,0.6791826178105915,0.4590754414109151,0.3345071080378629,1.644563913345337,1.1218829154968262,0.1970602571964264,Multiplicative,2.0
Matched multiplicative (s=2.0),1,CAIROG1,0.6793996954302919,0.45259654889221473,0.3307533636340658,1.5534276962280273,1.1000540256500244,0.11583639681339264,Multiplicative,2.0
Matched multiplicative (s=2.0),1,CAIROS1,0.6764801927797671,0.457221150703637,0.33170901501060046,1.5326253175735474,1.0946674346923828,0.1343030333518982,Multiplicative,2.0
Matched multiplicative (s=2.0),1,CAIROG2,0.6817160297270423,0.46480206205140384,0.3393214598920813,1.5557141304016113,1.0997724533081055,0.22051888704299927,Multiplicative,2.0
Matched multiplicative (s=2.0),1,NN-MSE,0.6586909323755115,0.46222940603788254,0.31931196343647705,1.514475703239441,1.0533661842346191,0.11525547504425049,Multiplicative,2.0
Matched multiplicative (s=2.0),1,NN-MAE,0.6543187025382945,0.4518299995360081,0.3114137483787289,1.547824740409851,1.0241341590881348,0.3082605004310608,Multiplicative,2.0
Matched multiplicative (s=2.0),1,NN-Huber,0.6518524447468209,0.4441503490175975,0.30627015008337966,1.532313585281372,1.0492148399353027,0.121097132563591,Multiplicative,2.0
Matched multiplicative (s=2.0),2,CAIROK1,0.6838559788951434,0.49500292081879194,0.3542283772267354,1.5777390003204346,1.1330382823944092,0.17391358315944672,Multiplicative,2.0
Matched multiplicative (s=2.0),2,CAIROG1,0.6825840807174888,0.48281124174459245,0.34807349990599323,1.527315378189087,1.1285808086395264,0.18295012414455414,Multiplicative,2.0
Matched multiplicative (s=2.0),2,CAIROS1,0.6894539813159759,0.49851105111695154,0.36034061055760763,1.5227090120315552,1.107519507408142,0.15129205584526062,Multiplicative,2.0
Matched multiplicative (s=2.0),2,CAIROG2,0.6907681978403178,0.49608247885832063,0.3586220795468751,1.529496431350708,1.1173291206359863,0.15248176455497742,Multiplicative,2.0
Matched multiplicative (s=2.0),2,NN-MSE,0.6584576442456804,0.46789395099607545,0.3197146562905318,1.503905177116394,1.0978364944458008,0.08783799409866333,Multiplicative,2.0
Matched multiplicative (s=2.0),2,NN-MAE,0.6593881001690829,0.4686242619210685,0.3216601815823606,1.5221878290176392,1.048669695854187,0.27207744121551514,Multiplicative,2.0
Matched multiplicative (s=2.0),2,NN-Huber,0.6582475412952347,0.46721046313080145,0.3198332406892718,1.5073180198669434,1.0925483703613281,0.09308233112096786,Multiplicative,2.0
Matched multiplicative (s=2.0),3,CAIROK1,0.659133254554948,0.42461833427345336,0.305703538416876,1.4168565273284912,1.0171347856521606,0.12657524645328522,Multiplicative,2.0
Matched multiplicative (s=2.0),3,CAIROG1,0.6728445474091235,0.45124010441575807,0.3268039842616766,1.4135843515396118,1.0090532302856445,0.14216473698616028,Multiplicative,2.0
Matched multiplicative (s=2.0),3,CAIROS1,0.6714417770805905,0.4465461220307547,0.32391805167795273,1.4081605672836304,1.01200532913208,0.11323603242635727,Multiplicative,2.0
Matched multiplicative (s=2.0),3,CAIROG2,0.6702830913842708,0.4497216815092735,0.3231926106489067,1.402376651763916,1.0047028064727783,0.1224818080663681,Multiplicative,2.0
Matched multiplicative (s=2.0),3,NN-MSE,0.6415453040028417,0.41385093761543906,0.2837249965181398,1.4425195455551147,1.0435847043991089,0.23476679623126984,Multiplicative,2.0
Matched multiplicative (s=2.0),3,NN-MAE,0.644788977607012,0.4206131722163151,0.2893256405798546,1.4376990795135498,0.9810001850128174,0.27475395798683167,Multiplicative,2.0
Matched multiplicative (s=2.0),3,NN-Huber,0.6456945028116308,0.42193235244825694,0.2897016861219196,1.4185137748718262,1.0053898096084595,0.14692245423793793,Multiplicative,2.0
Matched multiplicative (s=2.0),4,CAIROK1,0.6583342913922512,0.42631058222228196,0.30561653299188385,1.5330119132995605,1.0945767164230347,0.10213308781385422,Multiplicative,2.0
Matched multiplicative (s=2.0),4,CAIROG1,0.6621059818053652,0.42553018792814185,0.3061060358743374,1.530805230140686,1.0949690341949463,0.1287539303302765,Multiplicative,2.0
Matched multiplicative (s=2.0),4,CAIROS1,0.6611546190921356,0.41969161257141085,0.30356954293977445,1.5335549116134644,1.0996066331863403,0.12207114696502686,Multiplicative,2.0
Matched multiplicative (s=2.0),4,CAIROG2,0.6631819321061573,0.4278605625080225,0.30897126676922343,1.523870587348938,1.0968832969665527,0.09775693714618683,Multiplicative,2.0
Matched multiplicative (s=2.0),4,NN-MSE,0.6394622827468206,0.40469773108196316,0.2776290153878878,1.5449968576431274,1.0887140035629272,0.1576978862285614,Multiplicative,2.0
Matched multiplicative (s=2.0),4,NN-MAE,0.6350897029247256,0.39349760313377546,0.2702743098864652,1.5826084613800049,1.0679079294204712,0.33257561922073364,Multiplicative,2.0
Matched multiplicative (s=2.0),4,NN-Huber,0.6401977166528252,0.4091882108652854,0.28038486825548503,1.5436961650848389,1.0859166383743286,0.17448407411575317,Multiplicative,2.0
